# Ezhuthola's own extra Malayalam words (GPL-3.0, part of Ezhuthola).
# Common words the subtitle word list (FrequencyWords) is missing: places, festivals, everyday nouns.
# They give suffix splitting a real base: കേരളം -> കേരളത്തിൽ (keralathil).
# Format: word<TAB>count. The count is a modest made-up one, so real counts from the main list win.
കേരളം	60
കേരള	60
തിരുവനന്തപുരം	60
പത്തനംതിട്ട	60
ആലപ്പുഴ	60
കോട്ടയം	60
ഇടുക്കി	60
എറണാകുളം	60
തൃശ്ശൂർ	60
തൃശൂർ	60
പാലക്കാട്	60
മലപ്പുറം	60
കോഴിക്കോട്	60
വയനാട്	60
കണ്ണൂർ	60
കാസർഗോഡ്	60
കാസർകോട്	60
കൊച്ചി	60
ഗുരുവായൂർ	60
ശബരിമല	60
മൂന്നാർ	60
കുമരകം	60
വർക്കല	60
ആലുവ	60
തിരുവല്ല	60
ചെങ്ങന്നൂർ	60
അടൂർ	60
കായംകുളം	60
പാലാ	60
ചങ്ങനാശ്ശേരി	60
മാവേലിക്കര	60
കോന്നി	60
റാന്നി	60
പന്തളം	60
ചാലക്കുടി	60
അങ്കമാലി	60
പെരുമ്പാവൂർ	60
മൂവാറ്റുപുഴ	60
തൊടുപുഴ	60
നെടുമ്പാശ്ശേരി	60
ഫോർട്ട്കൊച്ചി	60
കുട്ടനാട്	60
വടകര	60
തലശ്ശേരി	60
കൊട്ടാരക്കര	60
നെയ്യാറ്റിൻകര	60
ആറ്റിങ്ങൽ	60
കുന്നംകുളം	60
ഒറ്റപ്പാലം	60
ഷൊർണൂർ	60
തിരൂർ	60
മഞ്ചേരി	60
പെരിന്തൽമണ്ണ	60
സുൽത്താൻബത്തേരി	60
കൽപ്പറ്റ	60
മാനന്തവാടി	60
ഭാരതം	60
തമിഴ്നാട്	60
കർണാടക	60
ആന്ധ്ര	60
തെലങ്കാന	60
മഹാരാഷ്ട്ര	60
ഗോവ	60
ഗുജറാത്ത്	60
പഞ്ചാബ്	60
ലക്ഷദ്വീപ്	60
മാഹി	60
ചെന്നൈ	60
ബെംഗളൂരു	60
ഹൈദരാബാദ്	60
കൊൽക്കത്ത	60
മംഗലാപുരം	60
കോയമ്പത്തൂർ	60
ഗൾഫ്	60
ഷാർജ	60
അബുദാബി	60
അജ്മാൻ	60
റാസൽഖൈമ	60
ഫുജൈറ	60
ഉമ്മുൽഖുവൈൻ	60
ഖുവൈൻ	60
അൽഐൻ	60
യുഎഇ	60
ജിദ്ദ	60
ദമാം	60
ഖത്തർ	60
ദോഹ	60
ഒമാൻ	60
മസ്കറ്റ്	60
കുവൈറ്റ്	60
ബഹ്റൈൻ	60
സിംഗപ്പൂർ	60
മലേഷ്യ	60
ശ്രീലങ്ക	60
മലയാളി	60
വിഷു	60
പെരുന്നാൾ	60
ദീപാവലി	60
നവരാത്രി	60
തൃശൂർപൂരം	60
ഓണസദ്യ	60
പൂക്കളം	60
വള്ളംകളി	60
കഥകളി	60
തെയ്യം	60
നാട്ടിൻപുറം	60
പ്രവാസി	60
# The app's own name, so it's spelled right from the first try (ezhuthola / ezhuththola)
എഴുത്തോല	60

# Food, apps and phone words people write in Malayalam (puttu, reels, insta).
പുട്ട്	60
ഇഡ്ഡലി	60
ഷവർമ	60
വാട്സ്ആപ്പ്	60
വാട്സാപ്പ്	60
യൂട്യൂബ്	60
ഇൻസ്റ്റഗ്രാം	60
ഇൻസ്റ്റ	60
സെൽഫി	60
ഗൂഗിൾ	60
റീൽസ്	60
സ്ക്രീൻഷോട്ട്	60
ലാപ്ടോപ്പ്	60
